time_s,temperature_C
3.000,20.000
6.000,20.005
9.000,20.022
11.000,20.043
13.000,20.072
15.000,20.109
17.000,20.154
19.000,20.205
21.000,20.262
23.000,20.325
25.000,20.393
27.000,20.466
29.000,20.543
31.001,20.624
33.001,20.708
35.001,20.795
37.001,20.885
39.001,20.978
41.001,21.074
43.001,21.171
45.001,21.271
47.001,21.373
49.001,21.477
51.001,21.582
53.001,21.689
55.001,21.798
57.001,21.908
59.001,22.019
61.001,22.132
63.001,22.246
66.001,22.420
69.000,22.596
72.000,22.774
74.999,22.955
77.999,23.138
80.998,23.322
83.998,23.509
86.997,23.697
89.997,23.887
92.996,24.078
95.996,24.271
98.995,24.465
101.995,24.661
104.994,24.857
107.994,25.055
110.993,25.254
113.993,25.454
116.992,25.655
119.992,25.856
122.991,26.059
125.991,26.262
128.991,26.466
130.991,26.603
132.992,26.739
134.992,26.876
136.992,27.013
138.993,27.151
140.993,27.288
142.994,27.426
144.994,27.564
146.995,27.703
148.995,27.841
150.995,27.980
152.996,28.119
154.996,28.258
156.997,28.397
158.997,28.536
160.998,28.676
162.998,28.815
164.998,28.955
166.999,29.095
168.999,29.235
171.000,29.375
173.000,29.515
175.001,29.655
177.001,29.795
179.001,29.935
181.002,30.076
183.002,30.216
185.003,30.357
187.003,30.497
189.004,30.638
191.004,30.778
193.004,30.919
195.005,31.060
197.005,31.200
199.006,31.341
201.006,31.482
203.007,31.622
205.007,31.763
207.007,31.904
209.008,32.045
211.008,32.185
213.009,32.326
215.009,32.467
217.010,32.607
219.010,32.748
221.010,32.889
223.011,33.029
225.011,33.170
227.012,33.310
229.012,33.451
231.013,33.591
233.013,33.732
235.013,33.872
237.014,34.012
239.014,34.152
241.015,34.293
243.015,34.433
245.016,34.573
247.016,34.713
249.016,34.853
251.017,34.993
253.017,35.133
255.018,35.272
258.017,35.482
261.015,35.691
264.014,35.901
267.012,36.110
270.010,36.319
273.009,36.527
276.007,36.736
279.005,36.944
282.004,37.152
285.002,37.360
288.000,37.568
290.999,37.776
293.997,37.983
296.995,38.190
299.994,38.397
302.992,38.604
305.990,38.811
308.989,39.017
311.987,39.223
314.985,39.429
317.984,39.635
320.982,39.841
323.981,40.046
326.979,40.251
329.977,40.456
332.976,40.660
335.974,40.865
338.972,41.069
341.971,41.273
344.969,41.477
347.967,41.680
350.966,41.884
353.964,42.087
356.962,42.289
359.961,42.492
362.959,42.694
365.957,42.896
368.956,43.098
371.954,43.300
374.953,43.501
377.951,43.703
380.949,43.904
383.948,44.104
386.946,44.305
389.944,44.505
392.943,44.705
395.941,44.905
398.939,45.104
401.938,45.304
404.936,45.503
407.934,45.702
410.933,45.900
413.931,46.099
416.929,46.297
419.928,46.495
422.926,46.692
425.925,46.890
428.923,47.087
431.921,47.284
434.920,47.481
437.918,47.677
440.916,47.874
443.915,48.070
446.913,48.265
449.911,48.461
452.910,48.656
455.908,48.851
458.906,49.046
461.905,49.241
464.903,49.435
467.901,49.630
470.900,49.824
473.898,50.017
476.897,50.211
479.895,50.404
482.893,50.597
485.892,50.790
488.890,50.983
491.888,51.175
494.887,51.367
497.885,51.559
500.883,51.751
503.882,51.942
506.880,52.133
509.878,52.324
512.878,52.515
514.880,52.642
516.882,52.769
518.884,52.896
520.886,53.023
522.888,53.150
524.890,53.276
526.892,53.403
528.894,53.529
530.896,53.655
532.898,53.781
534.900,53.908
536.901,54.034
538.903,54.159
540.905,54.285
542.907,54.411
544.909,54.537
546.911,54.662
548.913,54.787
550.915,54.913
552.917,55.038
554.919,55.163
556.921,55.288
558.923,55.413
560.925,55.538
562.927,55.662
564.929,55.787
566.931,55.912
568.933,56.036
570.935,56.160
572.937,56.285
574.939,56.409
576.941,56.533
578.942,56.657
580.944,56.781
582.946,56.904
584.948,57.028
586.950,57.151
588.952,57.275
590.954,57.398
592.956,57.522
594.958,57.645
596.960,57.768
598.962,57.891
600.964,58.014
602.966,58.137
604.968,58.259
606.970,58.382
608.972,58.504
610.974,58.627
612.976,58.749
614.978,58.871
616.980,58.994
618.982,59.116
620.984,59.238
622.985,59.359
624.987,59.480
626.989,59.600
628.991,59.719
630.993,59.835
632.995,59.950
634.997,60.060
636.999,60.167
639.001,60.270
641.003,60.367
643.005,60.459
645.007,60.544
647.009,60.623
649.011,60.695
651.013,60.761
653.015,60.821
655.017,60.875
657.019,60.925
659.021,60.970
661.023,61.011
663.025,61.048
665.026,61.082
667.028,61.113
669.030,61.141
671.032,61.166
673.034,61.189
675.036,61.209
677.038,61.227
679.040,61.243
681.042,61.258
683.044,61.270
685.046,61.281
687.048,61.290
689.050,61.298
691.052,61.304
693.054,61.309
695.056,61.312
697.058,61.314
699.060,61.316
701.062,61.315
703.064,61.314
705.066,61.312
707.067,61.308
709.069,61.304
711.071,61.299
713.073,61.293
715.075,61.286
717.077,61.278
719.079,61.269
721.081,61.259
723.083,61.249
725.085,61.238
727.087,61.226
729.089,61.214
731.091,61.201
733.093,61.187
735.095,61.173
737.097,61.158
739.099,61.142
741.101,61.126
743.103,61.110
745.105,61.093
747.107,61.075
749.109,61.057
751.110,61.038
753.112,61.020
755.114,61.000
757.116,60.980
759.118,60.960
761.120,60.939
763.122,60.919
765.124,60.897
767.126,60.875
769.128,60.853
771.130,60.831
773.132,60.808
775.134,60.786
777.136,60.762
779.138,60.739
781.140,60.715
783.142,60.691
785.144,60.667
787.146,60.642
789.148,60.617
791.150,60.592
793.151,60.567
795.153,60.542
797.155,60.516
799.157,60.491
801.159,60.465
803.161,60.438
805.163,60.412
807.165,60.386
809.167,60.359
811.169,60.332
813.171,60.305
815.173,60.278
817.175,60.251
819.177,60.224
821.179,60.197
823.181,60.169
825.183,60.142
827.185,60.115
829.187,60.088
831.189,60.061
833.191,60.035
835.192,60.009
837.194,59.984
839.196,59.960
841.198,59.937
843.200,59.915
845.202,59.895
847.204,59.875
849.206,59.858
851.208,59.842
853.210,59.827
855.212,59.815
857.214,59.805
859.216,59.797
861.218,59.791
863.220,59.787
865.222,59.786
867.224,59.787
869.226,59.790
871.228,59.796
873.230,59.804
875.232,59.814
877.234,59.827
879.235,59.842
881.237,59.858
883.239,59.877
885.241,59.897
887.243,59.919
889.245,59.943
891.247,59.967
893.249,59.993
895.251,60.019
897.253,60.046
899.255,60.074
901.257,60.102
903.259,60.129
905.261,60.156
907.263,60.183
909.265,60.208
911.267,60.233
913.269,60.256
915.271,60.277
917.273,60.297
919.275,60.314
921.276,60.329
923.278,60.342
925.280,60.352
927.282,60.360
929.284,60.365
931.286,60.368
933.288,60.369
935.290,60.367
937.292,60.364
939.294,60.359
941.296,60.353
943.298,60.345
945.300,60.337
947.302,60.327
949.304,60.316
951.306,60.304
953.308,60.291
955.310,60.278
957.312,60.264
959.314,60.249
961.316,60.234
963.317,60.218
965.319,60.202
967.321,60.185
969.323,60.167
971.325,60.149
973.327,60.131
975.329,60.113
977.331,60.094
979.333,60.075
981.335,60.056
983.337,60.036
985.339,60.017
987.341,59.998
989.343,59.979
991.345,59.961
993.347,59.943
995.349,59.925
997.351,59.909
999.353,59.893
1001.355,59.878
1003.357,59.865
1005.358,59.852
1007.360,59.841
1009.362,59.831
1011.364,59.823
1013.366,59.817
1015.368,59.812
1017.370,59.809
1019.372,59.808
1021.374,59.809
1023.376,59.811
1025.378,59.815
1027.380,59.822
1029.382,59.830
1031.384,59.840
1033.386,59.851
1035.388,59.865
1037.390,59.879
1039.392,59.896
1041.394,59.913
1043.396,59.932
1045.397,59.952
1047.399,59.973
1049.401,59.995
1051.403,60.017
1053.405,60.040
1055.407,60.063
1057.409,60.085
1059.411,60.108
1061.413,60.130
1063.415,60.152
1065.417,60.172
1067.419,60.192
1069.421,60.211
1071.423,60.228
1073.425,60.243
1075.427,60.257
1077.429,60.269
1079.431,60.279
1081.433,60.286
1083.435,60.291
1085.437,60.294
1087.438,60.295
1089.440,60.294
1091.442,60.292
1093.444,60.287
1095.446,60.281
1097.448,60.274
1099.450,60.266
1101.452,60.256
1103.454,60.246
1105.456,60.234
1107.458,60.222
1109.460,60.209
1111.462,60.195
1113.464,60.181
1115.466,60.166
1117.468,60.150
1119.470,60.134
1121.472,60.118
1123.474,60.101
1125.476,60.083
1127.478,60.066
1129.479,60.048
1131.481,60.030
1133.483,60.012
1135.485,59.994
1137.487,59.976
1139.489,59.959
1141.491,59.942
1143.493,59.925
1145.495,59.909
1147.497,59.894
1149.499,59.880
1151.501,59.867
1153.503,59.855
1155.505,59.844
1157.507,59.835
1159.509,59.827
1161.511,59.821
1163.513,59.816
1165.515,59.813
1167.517,59.811
1169.519,59.812
1171.521,59.814
1173.522,59.818
1175.524,59.824
1177.526,59.831
1179.528,59.840
1181.530,59.851
1183.532,59.864
1185.534,59.878
1187.536,59.894
1189.538,59.910
1191.540,59.928
1193.542,59.948
1195.544,59.968
1197.546,59.988
1199.548,60.010
1201.550,60.032
1203.552,60.054
1205.554,60.076
1207.556,60.098
1209.558,60.119
1211.560,60.140
1213.562,60.161
1215.563,60.180
1217.565,60.198
1219.567,60.215
1221.569,60.230
1223.571,60.244
1225.573,60.256
1227.575,60.266
1229.577,60.274
1231.579,60.279
1233.581,60.283
1235.583,60.284
1237.585,60.284
1239.587,60.281
1241.589,60.277
1243.591,60.272
1245.593,60.265
1247.595,60.257
1249.597,60.248
1251.599,60.238
1253.601,60.226
1255.603,60.214
1257.604,60.202
1259.606,60.188
1261.608,60.174
1263.610,60.160
1265.612,60.144
1267.614,60.129
1269.616,60.112
1271.618,60.096
1273.620,60.079
1275.622,60.062
1277.624,60.044
1279.626,60.026
1281.628,60.009
1283.630,59.991
1285.632,59.974
1287.634,59.956
1289.636,59.940
1291.638,59.924
1293.640,59.908
1295.642,59.893
1297.644,59.880
1299.646,59.867
1301.647,59.855
1303.649,59.845
1305.651,59.836
1307.653,59.828
1309.655,59.822
1311.657,59.818
1313.659,59.815
1315.661,59.813
1317.663,59.814
1319.665,59.816
1321.667,59.821
1323.669,59.826
1325.671,59.834
1327.673,59.843
1329.675,59.854
1331.677,59.867
1333.679,59.881
1335.681,59.896
1337.683,59.913
1339.685,59.931
1341.687,59.950
1343.688,59.970
1345.690,59.991
1347.692,60.012
1349.694,60.033
1351.696,60.055
1353.698,60.077
1355.700,60.098
1357.702,60.120
1359.704,60.140
1361.706,60.160
1363.708,60.179
1365.710,60.197
1367.712,60.213
1369.714,60.228
1371.716,60.242
1373.718,60.253
1375.720,60.263
1377.722,60.270
1379.724,60.275
1381.726,60.279
1383.728,60.280
1385.729,60.279
1387.731,60.276
1389.733,60.272
1391.735,60.267
1393.737,60.260
1395.739,60.252
1397.741,60.242
1399.743,60.232
1401.745,60.221
1403.747,60.209
1405.749,60.196
1407.751,60.183
1409.753,60.169
1411.755,60.154
1413.757,60.139
1415.759,60.124
1417.761,60.108
1419.763,60.091
1421.765,60.074
1423.767,60.057
1425.769,60.040
1427.771,60.022
1429.772,60.005
1431.774,59.987
1433.776,59.970
1435.778,59.953
1437.780,59.937
1439.782,59.921
1441.784,59.906
1443.786,59.891
1445.788,59.878
1447.790,59.866
1449.792,59.854
1451.794,59.844
1453.796,59.836
1455.798,59.828
1457.800,59.823
1459.802,59.818
1461.804,59.816
1463.806,59.815
1465.808,59.816
1467.810,59.819
1469.812,59.823
1471.813,59.829
1473.815,59.837
1475.817,59.847
1477.819,59.858
1479.821,59.871
1481.823,59.885
1483.825,59.901
1485.827,59.917
1487.829,59.935
1489.831,59.954
1491.833,59.974
1493.835,59.995
1495.837,60.016
1497.839,60.037
1499.841,60.059
1501.843,60.080
1503.845,60.102
1505.847,60.122
1507.849,60.143
1509.851,60.162
1511.853,60.181
1513.854,60.198
1515.856,60.214
1517.858,60.229
1519.860,60.241
1521.862,60.252
1523.864,60.261
1525.866,60.268
1527.868,60.273
1529.870,60.276
1531.872,60.277
1533.874,60.276
1535.876,60.273
1537.878,60.268
1539.880,60.263
1541.882,60.255
1543.884,60.247
1545.886,60.238
1547.888,60.227
1549.890,60.216
1551.892,60.204
1553.894,60.191
1555.896,60.178
1557.897,60.164
1559.899,60.149
1561.901,60.134
1563.903,60.118
1565.905,60.102
1567.907,60.086
1569.909,60.069
1571.911,60.052
1573.913,60.035
1575.915,60.017
1577.917,60.000
1579.919,59.983
1581.921,59.966
1583.923,59.949
1585.925,59.933
1587.927,59.917
1589.929,59.902
1591.931,59.888
1593.933,59.875
1595.935,59.863
1597.937,59.852
1599.938,59.843
1601.940,59.834
1603.942,59.827
1605.944,59.822
1607.946,59.819
1609.948,59.816
1611.950,59.816
1613.952,59.818
1615.954,59.821
1617.956,59.825
1619.958,59.832
1621.960,59.840
1623.962,59.850
1625.964,59.862
1627.966,59.875
1629.968,59.889
1631.970,59.905
1633.972,59.922
1635.974,59.940
1637.976,59.959
1639.978,59.979
1641.979,60.000
1643.981,60.021
1645.983,60.042
1647.985,60.064
1649.987,60.085
1651.989,60.106
1653.991,60.127
1655.993,60.147
1657.995,60.166
1659.997,60.184
1661.999,60.201
1664.001,60.217
1666.003,60.231
1668.005,60.243
1670.007,60.254
1672.009,60.262
1674.011,60.268
1676.013,60.273
1678.015,60.275
1680.017,60.275
1682.019,60.274
1684.021,60.270
1686.022,60.265
1688.024,60.259
1690.026,60.252
1692.028,60.243
1694.030,60.234
1696.032,60.223
1698.034,60.212
1700.036,60.200
1702.038,60.187
1704.040,60.173
1706.042,60.159
1708.044,60.144
1710.046,60.129
1712.048,60.113
1714.050,60.097
1716.052,60.081
1718.054,60.064
1720.056,60.047
1722.058,60.030
1724.060,60.012
1726.062,59.995
1728.063,59.978
1730.065,59.961
1732.067,59.945
1734.069,59.929
1736.071,59.914
1738.073,59.899
1740.075,59.885
1742.077,59.872
1744.079,59.861
1746.081,59.850
1748.083,59.841
1750.085,59.833
1752.087,59.827
1754.089,59.822
1756.091,59.819
1758.093,59.817
1760.095,59.817
1762.097,59.819
1764.099,59.823
1766.101,59.828
1768.103,59.835
1770.104,59.844
1772.106,59.854
1774.108,59.866
1776.110,59.879
1778.112,59.894
1780.114,59.910
1782.116,59.927
1784.118,59.946
1786.120,59.965
1788.122,59.985
1790.124,60.006
1792.126,60.027
1794.128,60.048
1796.130,60.069
1798.132,60.090
1800.134,60.111
1802.136,60.132
1804.138,60.151
1806.140,60.170
1808.142,60.188
1810.144,60.204
1812.146,60.220
1814.147,60.233
1816.149,60.245
1818.151,60.255
1820.153,60.263
1822.155,60.268
1824.157,60.272
1826.159,60.274
1828.161,60.273
1830.163,60.271
1832.165,60.268
1834.167,60.262
1836.169,60.256
1838.171,60.248
1840.173,60.239
1842.175,60.230
1844.177,60.219
1846.179,60.207
1848.181,60.195
1850.183,60.182
1852.185,60.168
1854.187,60.154
1856.188,60.139
1858.190,60.124
1860.192,60.108
1862.194,60.092
1864.196,60.075
1866.198,60.058
1868.200,60.041
1870.202,60.024
1872.204,60.007
1874.206,59.990
1876.208,59.973
1878.210,59.956
1880.212,59.940
1882.214,59.924
1884.216,59.909
1886.218,59.895
1888.220,59.881
1890.222,59.869
1892.224,59.858
1894.226,59.848
1896.228,59.839
1898.229,59.831
1900.231,59.826
1902.233,59.821
1904.235,59.818
1906.237,59.817
1908.239,59.818
1910.241,59.820
1912.243,59.824
1914.245,59.830
1916.247,59.838
1918.249,59.847
1920.251,59.858
1922.253,59.870
1924.255,59.884
1926.257,59.899
1928.259,59.915
1930.261,59.933
1932.263,59.952
1934.265,59.971
1936.267,59.991
1938.269,60.012
1940.271,60.033
1942.272,60.054
1944.274,60.075
1946.276,60.097
1948.278,60.117
1950.280,60.137
1952.282,60.157
1954.284,60.175
1956.286,60.193
1958.288,60.209
1960.290,60.223
1962.292,60.236
1964.294,60.247
1966.296,60.256
1968.298,60.264
1970.300,60.269
1972.302,60.272
1974.304,60.273
1976.306,60.272
1978.308,60.269
1980.310,60.265
1982.312,60.260
1984.313,60.253
1986.315,60.245
1988.317,60.236
1990.319,60.226
1992.321,60.215
1994.323,60.203
1996.325,60.190
1998.327,60.177
2000.329,60.163
2002.331,60.149
2004.333,60.134
2006.335,60.118
2008.337,60.103
2010.339,60.086
2012.341,60.070
2014.343,60.053
2016.345,60.036
2018.347,60.018
2020.349,60.001
2022.351,59.984
2024.353,59.967
2026.354,59.951
2028.356,59.935
2030.358,59.919
2032.360,59.904
2034.362,59.890
2036.364,59.877
2038.366,59.865
2040.368,59.854
2042.370,59.845
2044.372,59.836
2046.374,59.829
2048.376,59.824
2050.378,59.820
2052.380,59.818
2054.382,59.818
2056.384,59.819
2058.386,59.822
2060.388,59.826
2062.390,59.833
2064.392,59.841
2066.394,59.851
2068.396,59.862
2070.397,59.875
2072.399,59.889
2074.401,59.904
2076.403,59.921
2078.405,59.939
2080.407,59.958
2082.409,59.978
2084.411,59.998
2086.413,60.019
2088.415,60.040
2090.417,60.061
2092.419,60.082
2094.421,60.103
2096.423,60.124
2098.425,60.144
2100.427,60.163
2102.429,60.181
2104.431,60.198
2106.433,60.213
2108.435,60.227
2110.437,60.240
2112.438,60.250
2114.440,60.259
2116.442,60.265
2118.444,60.270
2120.446,60.272
2122.448,60.272
2124.450,60.271
2126.452,60.268
2128.454,60.263
2130.456,60.257
2132.458,60.250
2134.460,60.242
2136.462,60.232
2138.464,60.222
2140.466,60.211
2142.468,60.199
2144.470,60.186
2146.472,60.172
2148.474,60.158
2150.476,60.144
2152.478,60.129
2154.479,60.113
2156.481,60.097
2158.483,60.081
2160.485,60.064
2162.487,60.047
2164.489,60.030
2166.491,60.013
2168.493,59.996
2170.495,59.979
2172.497,59.962
2174.499,59.946
2176.501,59.930
2178.503,59.915
2180.505,59.900
2182.507,59.886
2184.509,59.874
2186.511,59.862
2188.513,59.851
2190.515,59.842
2192.517,59.834
2194.519,59.828
2196.521,59.823
2198.522,59.820
2200.524,59.818
2202.526,59.818
2204.528,59.820
2206.530,59.823
2208.532,59.829
2210.534,59.835
2212.536,59.844
2214.538,59.854
2216.540,59.866
2218.542,59.879
2220.544,59.894
2222.546,59.910
2224.548,59.927
2226.550,59.945
2228.552,59.964
2230.554,59.984
2232.556,60.004
2234.558,60.025
2236.560,60.046
2238.562,60.068
2240.563,60.089
2242.565,60.110
2244.567,60.130
2246.569,60.149
2248.571,60.168
2250.573,60.186
2252.575,60.202
2254.577,60.217
2256.579,60.231
2258.581,60.243
2260.583,60.253
2262.585,60.261
2264.587,60.266
2266.589,60.270
2268.591,60.272
2270.593,60.272
2272.595,60.270
2274.597,60.266
2276.599,60.261
2278.601,60.255
2280.603,60.247
2282.604,60.238
2284.606,60.228
2286.608,60.218
2288.610,60.206
2290.612,60.194
2292.614,60.181
2294.616,60.168
2296.618,60.153
2298.620,60.139
2300.622,60.123
2302.624,60.108
2304.626,60.092
2306.628,60.075
2308.630,60.058
2310.632,60.041
2312.634,60.024
2314.636,60.007
2316.638,59.990
2318.640,59.973
2320.642,59.957
2322.644,59.940
2324.646,59.925
2326.647,59.910
2328.649,59.895
2330.651,59.882
2332.653,59.870
2334.655,59.858
2336.657,59.848
2338.659,59.839
2340.661,59.832
2342.663,59.826
2344.665,59.822
2346.667,59.819
2348.669,59.818
2350.671,59.819
2352.673,59.821
2354.675,59.825
2356.677,59.831
2358.679,59.838
2360.681,59.847
2362.683,59.858
2364.685,59.870
2366.687,59.884
2368.688,59.899
2370.690,59.915
2372.692,59.933
2374.694,59.951
2376.696,59.971
2378.698,59.991
2380.700,60.011
2382.702,60.032
2384.704,60.054
2386.706,60.075
2388.708,60.096
2390.710,60.116
2392.712,60.136
2394.714,60.156
2396.716,60.174
2398.718,60.191
2400.720,60.207
2402.722,60.222
2404.724,60.235
2406.726,60.246
2408.728,60.255
2410.729,60.263
2412.731,60.268
2414.733,60.271
2416.735,60.272
2418.737,60.271
2420.739,60.268
2422.741,60.264
2424.743,60.259
2426.745,60.252
2428.747,60.244
2430.749,60.235
2432.751,60.225
2434.753,60.214
2436.755,60.202
2438.757,60.190
2440.759,60.176
2442.761,60.163
2444.763,60.148
2446.765,60.133
2448.767,60.118
2450.769,60.102
2452.771,60.086
2454.772,60.069
2456.774,60.053
2458.776,60.036
2460.778,60.018
2462.780,60.001
2464.782,59.984
2466.784,59.968
2468.786,59.951
2470.788,59.935
2472.790,59.920
2474.792,59.905
2476.794,59.891
2478.796,59.878
2480.798,59.866
2482.800,59.855
2484.802,59.845
2486.804,59.837
2488.806,59.830
2490.808,59.825
2492.810,59.821
2494.812,59.819
2496.813,59.818
2498.815,59.819
2500.817,59.822
2502.819,59.827
2504.821,59.833
2506.823,59.841
2508.825,59.851
2510.827,59.862
2512.829,59.875
2514.831,59.889
2516.833,59.905
2518.835,59.921
2520.837,59.939
2522.839,59.958
2524.841,59.978
2526.843,59.998
2528.845,60.018
2530.847,60.039
2532.849,60.061
2534.851,60.082
2536.853,60.103
2538.854,60.123
2540.856,60.143
2542.858,60.162
2544.860,60.180
2546.862,60.197
2548.864,60.212
2550.866,60.226
2552.868,60.239
2554.870,60.249
2556.872,60.258
2558.874,60.264
2560.876,60.269
2562.878,60.271
2564.880,60.271
2566.882,60.270
2568.884,60.267
2570.886,60.262
2572.888,60.256
2574.890,60.249
2576.892,60.241
2578.894,60.231
2580.896,60.221
2582.897,60.210
2584.899,60.198
2586.901,60.185
2588.903,60.172
2590.905,60.158
2592.907,60.143
2594.909,60.128
2596.911,60.113
2598.913,60.097
2600.915,60.080
2602.917,60.064
2604.919,60.047
2606.921,60.030
2608.923,60.013
2610.925,59.995
2612.927,59.979
2614.929,59.962
2616.931,59.945
2618.933,59.930
2620.935,59.914
2622.937,59.900
2624.938,59.886
2626.940,59.874
2628.942,59.862
2630.944,59.852
2632.946,59.842
2634.948,59.835
2636.950,59.828
2638.952,59.823
2640.954,59.820
2642.956,59.818
2644.958,59.819
2646.960,59.820
2648.962,59.824
2650.964,59.829
2652.966,59.836
2654.968,59.845
2656.970,59.855
2658.972,59.867
2660.974,59.880
2662.976,59.894
2664.978,59.910
2666.979,59.927
2668.981,59.946
2670.983,59.965
2672.985,59.984
2674.987,60.005
2676.989,60.026
2678.991,60.047
2680.993,60.068
2682.995,60.089
2684.997,60.110
2686.999,60.130
2689.001,60.149
2691.003,60.168
2693.005,60.186
2695.007,60.202
2697.009,60.217
2699.011,60.231
2701.013,60.242
2703.015,60.252
2705.017,60.260
2707.019,60.266
2709.021,60.269
2711.022,60.271
2713.024,60.271
2715.026,60.269
2717.028,60.265
2719.030,60.260
2721.032,60.254
2723.034,60.246
2725.036,60.237
2727.038,60.227
2729.040,60.217
2731.042,60.205
2733.044,60.193
2735.046,60.180
2737.048,60.167
2739.050,60.152
2741.052,60.138
2743.054,60.122
2745.056,60.107
2747.058,60.091
2749.060,60.074
2751.062,60.058
2753.063,60.041
2755.065,60.023
2757.067,60.006
2759.069,59.989
2761.071,59.973
2763.073,59.956
2765.075,59.940
2767.077,59.924
2769.079,59.909
2771.081,59.895
2773.083,59.882
2775.085,59.869
2777.087,59.858
2779.089,59.848
2781.091,59.839
2783.093,59.832
2785.095,59.826
2787.097,59.822
2789.099,59.819
2791.101,59.818
2793.103,59.819
2795.104,59.821
2797.106,59.826
2799.108,59.831
2801.110,59.839
2803.112,59.848
2805.114,59.859
2807.116,59.871
2809.118,59.885
2811.120,59.900
2813.122,59.916
2815.124,59.934
2817.126,59.952
2819.128,59.972
2821.130,59.992
2823.132,60.012
2825.134,60.033
2827.136,60.054
2829.138,60.075
2831.140,60.096
2833.142,60.117
2835.144,60.137
2837.146,60.156
2839.147,60.174
2841.149,60.192
2843.151,60.208
2845.153,60.222
2847.155,60.235
2849.157,60.246
2851.159,60.255
2853.161,60.262
2855.163,60.267
2857.165,60.270
2859.167,60.271
2861.169,60.270
2863.171,60.268
2865.173,60.263
2867.175,60.258
2869.177,60.251
2871.179,60.243
2873.181,60.234
2875.183,60.224
2877.185,60.213
2879.187,60.201
2881.188,60.189
2883.190,60.175
2885.192,60.162
2887.194,60.147
2889.196,60.132
2891.198,60.117
2893.200,60.101
2895.202,60.085
2897.204,60.068
2899.206,60.051
2901.208,60.034
2903.210,60.017
2905.212,60.000
2907.214,59.983
2909.216,59.967
2911.218,59.950
2913.220,59.934
2915.222,59.919
2917.224,59.904
2919.226,59.890
2921.228,59.877
2923.229,59.865
2925.231,59.854
2927.233,59.845
2929.235,59.837
2931.237,59.830
2933.239,59.825
2935.241,59.821
2937.243,59.819
2939.245,59.818
2941.247,59.820
2943.249,59.823
2945.251,59.827
2947.253,59.834
2949.255,59.842
2951.257,59.852
2953.259,59.863
2955.261,59.876
2957.263,59.890
2959.265,59.906
2961.267,59.922
2963.269,59.940
2965.271,59.959
2967.272,59.979
2969.274,59.999
2971.276,60.020
2973.278,60.041
2975.280,60.062
2977.282,60.083
2979.284,60.104
2981.286,60.124
2983.288,60.144
2985.290,60.163
2987.292,60.181
2989.294,60.197
2991.296,60.213
2993.298,60.227
2995.300,60.239
2997.302,60.249
2999.304,60.258
3001.306,60.264
3003.308,60.269
3005.310,60.271
3007.312,60.271
3009.313,60.270
3011.315,60.266
3013.317,60.262
3015.319,60.256
3017.321,60.248
3019.323,60.240
3021.325,60.230
3023.327,60.220
3025.329,60.209
3027.331,60.197
3029.333,60.184
3031.335,60.171
3033.337,60.157
3035.339,60.142
3037.341,60.127
3039.343,60.111
3041.345,60.096
3043.347,60.079
3045.349,60.062
3047.351,60.046
3049.353,60.029
3051.354,60.011
3053.356,59.994
3055.358,59.978
3057.360,59.961
3059.362,59.945
3061.364,59.929
3063.366,59.914
3065.368,59.899
3067.370,59.886
3069.372,59.873
3071.374,59.861
3073.376,59.851
3075.378,59.842
3077.380,59.834
3079.382,59.828
3081.384,59.823
3083.386,59.820
3085.388,59.819
3087.390,59.819
3089.392,59.821
3091.394,59.824
3093.396,59.830
3095.397,59.837
3097.399,59.845
3099.401,59.855
3101.403,59.867
3103.405,59.881
3105.407,59.895
3107.409,59.911
3109.411,59.928
3111.413,59.947
3113.415,59.966
3115.417,59.986
3117.419,60.006
3119.421,60.027
3121.423,60.048
3123.425,60.069
3125.427,60.090
3127.429,60.111
3129.431,60.131
3131.433,60.150
3133.435,60.169
3135.437,60.187
3137.438,60.203
3139.440,60.218
3141.442,60.231
3143.444,60.243
3145.446,60.252
3147.448,60.260
3149.450,60.266
3151.452,60.269
3153.454,60.271
3155.456,60.271
3157.458,60.269
3159.460,60.265
3161.462,60.260
3163.464,60.253
3165.466,60.245
3167.468,60.237
3169.470,60.227
3171.472,60.216
3173.474,60.205
3175.476,60.192
3177.478,60.179
3179.479,60.166
3181.481,60.152
3183.483,60.137
3185.485,60.122
3187.487,60.106
3189.489,60.090
3191.491,60.073
3193.493,60.057
3195.495,60.040
3197.497,60.023
3199.499,60.006
3201.501,59.988
3203.503,59.972
3205.505,59.955
3207.507,59.939
3209.509,59.923
3211.511,59.908
3213.513,59.894
3215.515,59.881
3217.517,59.869
3219.519,59.858
3221.521,59.848
3223.522,59.839
3225.524,59.832
3227.526,59.826
3229.528,59.822
3231.530,59.819
3233.532,59.818
3235.534,59.819
3237.536,59.822
3239.538,59.826
3241.540,59.832
3243.542,59.839
3245.544,59.849
3247.546,59.859
3249.548,59.872
3251.550,59.886
3253.552,59.901
3255.554,59.917
3257.556,59.935
3259.558,59.953
3261.560,59.973
3263.562,59.993
3265.563,60.013
3267.565,60.034
3269.567,60.055
3271.569,60.076
3273.571,60.097
3275.573,60.118
3277.575,60.138
3279.577,60.157
3281.579,60.175
3283.581,60.192
3285.583,60.208
3287.585,60.223
3289.587,60.235
3291.589,60.246
3293.591,60.255
3295.593,60.262
3297.595,60.267
3299.597,60.270
3301.599,60.271
3303.601,60.270
3305.603,60.267
3307.604,60.263
3309.606,60.258
3311.608,60.251
3313.610,60.243
3315.612,60.233
3317.614,60.223
3319.616,60.212
3321.618,60.200
3323.620,60.188
3325.622,60.175
3327.624,60.161
3329.626,60.147
3331.628,60.132
3333.630,60.116
3335.632,60.100
3337.634,60.084
3339.636,60.068
3341.638,60.051
3343.640,60.034
3345.642,60.017
3347.644,60.000
3349.646,59.983
3351.647,59.966
3353.649,59.949
3355.651,59.933
3357.653,59.918
3359.655,59.903
3361.657,59.890
3363.659,59.877
3365.661,59.865
3367.663,59.854
3369.665,59.845
3371.667,59.836
3373.669,59.830
3375.671,59.824
3377.673,59.821
3379.675,59.819
3381.677,59.819
3383.679,59.820
3385.681,59.823
3387.683,59.828
3389.685,59.834
3391.687,59.842
3393.688,59.852
3395.690,59.864
3397.692,59.876
3399.694,59.891
3401.696,59.906
3403.698,59.923
3405.700,59.941
3407.702,59.960
3409.704,59.980
3411.706,60.000
3413.708,60.021
3415.710,60.042
3417.712,60.063
3419.714,60.084
3421.716,60.105
3423.718,60.125
3425.720,60.145
3427.722,60.164
3429.724,60.182
3431.726,60.198
3433.728,60.214
3435.729,60.227
3437.731,60.239
3439.733,60.250
3441.735,60.258
3443.737,60.264
3445.739,60.269
3447.741,60.271
3449.743,60.271
3451.745,60.269
3453.747,60.266
3455.749,60.261
3457.751,60.255
3459.753,60.248
3461.755,60.239
3463.757,60.230
3465.759,60.219
3467.761,60.208
3469.763,60.196
3471.765,60.183
3473.767,60.170
3475.769,60.156
3477.771,60.141
3479.772,60.126
3481.774,60.111
3483.776,60.095
3485.778,60.078
3487.780,60.062
3489.782,60.045
3491.784,60.028
3493.786,60.011
3495.788,59.994
3497.790,59.977
3499.792,59.960
3501.794,59.944
3503.796,59.928
3505.798,59.913
3507.800,59.898
3509.802,59.885
3511.804,59.872
3513.806,59.861
3515.808,59.851
3517.810,59.842
3519.812,59.834
3521.813,59.828
3523.815,59.823
3525.817,59.820
3527.819,59.819
3529.821,59.819
3531.823,59.821
3533.825,59.824
3535.827,59.830
3537.829,59.837
3539.831,59.846
3541.833,59.856
3543.835,59.868
3545.837,59.881
3547.839,59.896
3549.841,59.912
3551.843,59.929
3553.845,59.948
3555.847,59.967
3557.849,59.987
3559.851,60.007
3561.853,60.028
3563.854,60.049
3565.856,60.070
3567.858,60.091
3569.860,60.112
3571.862,60.132
3573.864,60.151
3575.866,60.170
3577.868,60.187
3579.870,60.204
3581.872,60.219
3583.874,60.232
3585.876,60.243
3587.878,60.253
3589.880,60.261
3591.882,60.266
3593.884,60.270
3595.886,60.271
3597.888,60.271
3599.890,60.269
3601.892,60.265
3603.894,60.259
3605.896,60.253
3607.897,60.245
3609.899,60.236
3611.901,60.226
3613.903,60.216
3615.905,60.204
3617.907,60.192
3619.909,60.179
3621.911,60.165
3623.913,60.151
3625.915,60.136
3627.917,60.121
3629.919,60.105
3631.921,60.089
3633.923,60.073
3635.925,60.056
3637.927,60.039
3639.929,60.022
3641.931,60.005
3643.933,59.988
3645.935,59.971
3647.937,59.955
3649.938,59.938
3651.940,59.923
3653.942,59.908
3655.944,59.894
3657.946,59.881
3659.948,59.868
3661.950,59.857
3663.952,59.847
3665.954,59.839
3667.956,59.832
3669.958,59.826
3671.960,59.822
3673.962,59.819
3675.964,59.818
3677.966,59.819
3679.968,59.822
3681.970,59.826
3683.972,59.832
3685.974,59.840
3687.976,59.849
3689.978,59.860
3691.979,59.872
3693.981,59.886
3695.983,59.901
3697.985,59.918
3699.987,59.935
3701.989,59.954
3703.991,59.973
3705.993,59.993
3707.995,60.014
3709.997,60.035
3711.999,60.056
3714.001,60.077
3716.003,60.098
3718.005,60.119
3720.007,60.139
3722.009,60.158
3724.011,60.176
3726.013,60.193
3728.015,60.209
3730.017,60.223
3732.019,60.236
3734.021,60.247
3736.022,60.256
3738.024,60.263
3740.026,60.268
3742.028,60.270
3744.030,60.271
3746.032,60.270
3748.034,60.267
3750.036,60.263
3752.038,60.257
3754.040,60.250
3756.042,60.242
3758.044,60.233
3760.046,60.223
3762.048,60.212
3764.050,60.200
3766.052,60.188
3768.054,60.174
3770.056,60.161
3772.058,60.146
3774.060,60.131
3776.062,60.116
3778.063,60.100
3780.065,60.084
3782.067,60.067
3784.069,60.050
3786.071,60.033
3788.073,60.016
3790.075,59.999
3792.077,59.982
3794.079,59.966
3796.081,59.949
3798.083,59.933
3800.085,59.918
3802.087,59.903
3804.089,59.889
3806.091,59.876
3808.093,59.865
3810.095,59.854
3812.097,59.844
3814.099,59.836
3816.101,59.830
3818.103,59.824
3820.104,59.821
3822.106,59.819
3824.108,59.818
3826.110,59.820
3828.112,59.823
3830.114,59.828
3832.116,59.834
3834.118,59.843
3836.120,59.852
3838.122,59.864
3840.124,59.877
3842.126,59.891
3844.128,59.907
3846.130,59.924
3848.132,59.941
3850.134,59.960
3852.136,59.980
3854.138,60.000
3856.140,60.021
3858.142,60.042
3860.144,60.063
3862.146,60.084
3864.147,60.105
3866.149,60.125
3868.151,60.145
3870.153,60.164
3872.155,60.182
3874.157,60.198
3876.159,60.214
3878.161,60.228
3880.163,60.240
3882.165,60.250
3884.167,60.258
3886.169,60.265
3888.171,60.269
3890.173,60.271
3892.175,60.271
3894.177,60.269
3896.179,60.266
3898.181,60.261
3900.183,60.255
3902.185,60.248
3904.187,60.239
3906.188,60.230
3908.190,60.219
3910.192,60.208
3912.194,60.196
3914.196,60.183
3916.198,60.170
3918.200,60.156
3920.202,60.141
3922.204,60.126
3924.206,60.111
3926.208,60.095
3928.210,60.078
3930.212,60.062
3932.214,60.045
3934.216,60.028
3936.218,60.011
3938.220,59.994
3940.222,59.977
3942.224,59.960
3944.226,59.944
3946.228,59.928
3948.229,59.913
3950.231,59.898
3952.233,59.885
3954.235,59.872
3956.237,59.861
3958.239,59.850
3960.241,59.841
3962.243,59.834
3964.245,59.828
3966.247,59.823
3968.249,59.820
3970.251,59.819
3972.253,59.819
3974.255,59.821
3976.257,59.824
3978.259,59.830
3980.261,59.837
3982.263,59.846
3984.265,59.856
3986.267,59.868
3988.269,59.881
3990.271,59.896
3992.272,59.912
3994.274,59.929
3996.276,59.948
3998.278,59.967
4000.280,59.987
4002.282,60.007
4004.284,60.028
4006.286,60.049
4008.288,60.070
4010.290,60.091
4012.292,60.112
4014.294,60.132
4016.296,60.151
4018.298,60.170
4020.300,60.188
4022.302,60.204
4024.304,60.219
4026.306,60.232
4028.308,60.243
4030.310,60.253
4032.312,60.261
4034.313,60.266
4036.315,60.270
4038.317,60.271
4040.319,60.271
4042.321,60.268
4044.323,60.265
4046.325,60.259
4048.327,60.253
4050.329,60.245
4052.331,60.236
4054.333,60.226
4056.335,60.216
4058.337,60.204
4060.339,60.192
4062.341,60.179
4064.343,60.165
4066.345,60.151
4068.347,60.136
4070.349,60.121
4072.351,60.105
4074.353,60.089
4076.354,60.073
4078.356,60.056
4080.358,60.039
4082.360,60.022
4084.362,60.005
4086.364,59.988
4088.366,59.971
4090.368,59.954
4092.370,59.938
4094.372,59.923
4096.374,59.908
4098.376,59.894
4100.378,59.881
4102.380,59.868
4104.382,59.857
4106.384,59.847
4108.386,59.839
4110.388,59.832
4112.390,59.826
4114.392,59.822
4116.394,59.819
4118.396,59.819
4120.397,59.819
4122.399,59.822
4124.401,59.826
4126.403,59.832
4128.405,59.840
4130.407,59.849
4132.409,59.860
4134.411,59.873
4136.413,59.886
4138.415,59.902
4140.417,59.918
4142.419,59.936
4144.421,59.954
4146.423,59.974
4148.425,59.994
4150.427,60.014
4152.429,60.035
4154.431,60.056
4156.433,60.077
4158.435,60.098
4160.437,60.119
4162.438,60.139
4164.440,60.158
4166.442,60.176
4168.444,60.193
4170.446,60.209
4172.448,60.223
4174.450,60.236
4176.452,60.247
4178.454,60.256
4180.456,60.262
4182.458,60.267
4184.460,60.270
4186.462,60.271
4188.464,60.270
4190.466,60.267
4192.468,60.263
4194.470,60.257
4196.472,60.250
4198.474,60.242
4200.476,60.233
4202.478,60.223
4204.479,60.211
4206.481,60.200
4208.483,60.187
4210.485,60.174
4212.487,60.160
4214.489,60.146
4216.491,60.131
4218.493,60.115
4220.495,60.099
4222.497,60.083
4224.499,60.067
4226.501,60.050
4228.503,60.033
4230.505,60.016
4232.507,59.999
4234.509,59.982
4236.511,59.965
4238.513,59.949
4240.515,59.933
4242.517,59.917
4244.519,59.903
4246.521,59.889
4248.522,59.876
4250.524,59.864
4252.526,59.853
4254.528,59.844
4256.530,59.836
4258.532,59.829
4260.534,59.824
4262.536,59.821
4264.538,59.819
4266.540,59.819
4268.542,59.820
4270.544,59.823
4272.546,59.828
4274.548,59.835
4276.550,59.843
4278.552,59.853
4280.554,59.864
4282.556,59.877
4284.558,59.892
4286.560,59.907
4288.562,59.924
4290.563,59.942
4292.565,59.961
4294.567,59.981
4296.569,60.001
4298.571,60.022
4300.573,60.043
4302.575,60.064
4304.577,60.085
4306.579,60.106
4308.581,60.126
4310.583,60.146
4312.585,60.165
4314.587,60.182
4316.589,60.199
4318.591,60.214
4320.593,60.228
4322.595,60.240
4324.597,60.250
4326.599,60.258
4328.601,60.264
4330.603,60.268
4332.604,60.270
4334.606,60.271
4336.608,60.269
4338.610,60.266
4340.612,60.261
4342.614,60.255
4344.616,60.247
4346.618,60.239
4348.620,60.229
4350.622,60.218
4352.624,60.207
4354.626,60.195
4356.628,60.182
4358.630,60.169
4360.632,60.155
4362.634,60.140
4364.636,60.125
4366.638,60.109
4368.640,60.093
4370.642,60.077
4372.644,60.060
4374.646,60.043
4376.647,60.026
4378.649,60.009
4380.651,59.992
4382.653,59.975
4384.655,59.959
4386.657,59.943
4388.659,59.927
4390.661,59.912
4392.663,59.897
4394.665,59.884
4396.667,59.871
4398.669,59.860
4400.671,59.850
4402.673,59.841
4404.675,59.833
4406.677,59.827
4408.679,59.823
4410.681,59.820
4412.683,59.819
4414.685,59.819
4416.687,59.821
4418.688,59.825
4420.690,59.830
4422.692,59.838
4424.694,59.847
4426.696,59.857
4428.698,59.869
4430.700,59.883
4432.702,59.897
4434.704,59.914
4436.706,59.931
4438.708,59.949
4440.710,59.968
4442.712,59.988
4444.714,60.009
4446.716,60.030
4448.718,60.051
4450.720,60.072
4452.722,60.093
4454.724,60.113
4456.726,60.133
4458.728,60.153
4460.729,60.171
4462.731,60.189
4464.733,60.205
4466.735,60.219
4468.737,60.232
4470.739,60.244
4472.741,60.253
4474.743,60.261
4476.745,60.266
4478.747,60.269
4480.749,60.271
4482.751,60.270
4484.753,60.268
4486.755,60.264
4488.757,60.259
4490.759,60.252
4492.761,60.244
4494.763,60.235
4496.765,60.225
4498.767,60.214
4500.769,60.203
4502.771,60.190
4504.772,60.177
4506.774,60.164
4508.776,60.149
4510.778,60.135
4512.780,60.119
4514.782,60.104
4516.784,60.087
4518.786,60.071
4520.788,60.054
4522.790,60.037
4524.792,60.020
4526.794,60.003
4528.796,59.986
4530.798,59.969
4532.800,59.953
4534.802,59.937
4536.804,59.921
4538.806,59.906
4540.808,59.892
4542.810,59.879
4544.812,59.867
4546.813,59.856
4548.815,59.846
4550.817,59.838
4552.819,59.831
4554.821,59.826
4556.823,59.822
4558.825,59.819
4560.827,59.819
4562.829,59.820
4564.831,59.822
4566.833,59.827
4568.835,59.833
4570.837,59.841
4572.839,59.850
4574.841,59.861
4576.843,59.874
4578.845,59.888
4580.847,59.903
4582.849,59.920
4584.851,59.937
4586.853,59.956
4588.854,59.976
4590.856,59.996
4592.858,60.016
4594.860,60.037
4596.862,60.058
4598.864,60.079
4600.866,60.100
4602.868,60.121
4604.870,60.141
4606.872,60.160
4608.874,60.178
4610.876,60.195
4612.878,60.210
4614.880,60.224
4616.882,60.237
4618.884,60.247
4620.886,60.256
4622.888,60.263
4624.890,60.268
4626.892,60.270
4628.894,60.271
4630.896,60.269
4632.897,60.266
4634.899,60.262
4636.901,60.256
4638.903,60.249
4640.905,60.241
4642.907,60.231
4644.909,60.221
4646.911,60.210
4648.913,60.198
4650.915,60.186
4652.917,60.172
4654.919,60.158
4656.921,60.144
4658.923,60.129
4660.925,60.113
4662.927,60.098
4664.929,60.081
4666.931,60.065
4668.933,60.048
4670.935,60.031
4672.937,60.014
4674.938,59.997
4676.940,59.980
4678.942,59.963
4680.944,59.947
4682.946,59.931
4684.948,59.916
4686.950,59.901
4688.952,59.887
4690.954,59.875
4692.956,59.863
4694.958,59.852
4696.960,59.843
4698.962,59.835
4700.964,59.829
4702.966,59.824
4704.968,59.821
4706.970,59.819
4708.972,59.819
4710.974,59.820
4712.976,59.824
4714.978,59.829
4716.979,59.836
4718.981,59.844
4720.983,59.854
4722.985,59.866
4724.987,59.879
4726.989,59.893
4728.991,59.909
4730.993,59.926
4732.995,59.944
4734.997,59.963
4736.999,59.983
4739.001,60.003
4741.003,60.024
4743.005,60.045
4745.007,60.066
4747.009,60.087
4749.011,60.108
4751.013,60.128
4753.015,60.148
4755.017,60.167
4757.019,60.184
4759.021,60.201
4761.022,60.216
4763.024,60.229
4765.026,60.241
4767.028,60.251
4769.030,60.259
4771.032,60.265
4773.034,60.269
4775.036,60.271
4777.038,60.270
4779.040,60.269
4781.042,60.265
4783.044,60.260
4785.046,60.254
4787.048,60.246
4789.050,60.237
4791.052,60.228
4793.054,60.217
4795.056,60.206
4797.058,60.194
4799.060,60.181
4801.062,60.167
4803.063,60.153
4805.065,60.138
4807.067,60.123
4809.069,60.108
4811.071,60.091
4813.073,60.075
4815.075,60.058
4817.077,60.041
4819.079,60.024
4821.081,60.007
4823.083,59.990
4825.085,59.973
4827.087,59.957
4829.089,59.941
4831.091,59.925
4833.093,59.910
4835.095,59.896
4837.097,59.882
4839.099,59.870
4841.101,59.859
4843.103,59.849
4845.104,59.840
4847.106,59.833
4849.108,59.827
4851.110,59.822
4853.112,59.820
4855.114,59.819
4857.116,59.819
4859.118,59.821
4861.120,59.826
4863.122,59.831
4865.124,59.839
4867.126,59.848
4869.128,59.858
4871.130,59.871
4873.132,59.884
4875.134,59.899
4877.136,59.915
4879.138,59.933
4881.140,59.951
4883.142,59.971
4885.144,59.991
4887.146,60.011
4889.147,60.032
4891.149,60.053
4893.151,60.074
4895.153,60.095
4897.155,60.116
4899.157,60.136
4901.159,60.155
4903.161,60.173
4905.163,60.191
4907.165,60.206
4909.167,60.221
4911.169,60.234
4913.171,60.245
4915.173,60.254
4917.175,60.261
4919.177,60.267
4921.179,60.270
4923.181,60.271
4925.183,60.270
4927.185,60.267
4929.187,60.263
4931.188,60.258
4933.190,60.251
4935.192,60.243
4937.194,60.234
4939.196,60.224
4941.198,60.213
4943.200,60.201
4945.202,60.189
4947.204,60.176
4949.206,60.162
4951.208,60.148
4953.210,60.133
4955.212,60.117
4957.214,60.102
4959.216,60.085
4961.218,60.069
4963.220,60.052
4965.222,60.035
4967.224,60.018
4969.226,60.001
4971.228,59.984
4973.229,59.967
4975.231,59.951
4977.233,59.935
4979.235,59.919
4981.237,59.905
4983.239,59.891
4985.241,59.878
4987.243,59.866
4989.245,59.855
4991.247,59.845
4993.249,59.837
4995.251,59.830
4997.253,59.825
4999.255,59.821
5001.257,59.819
5003.259,59.819
5005.261,59.820
5007.263,59.823
5009.265,59.827
5011.267,59.834
5013.269,59.842
5015.271,59.851
5017.272,59.863
5019.274,59.875
5021.276,59.890
5023.278,59.905
5025.280,59.922
5027.282,59.940
5029.284,59.958
5031.286,59.978
5033.288,59.998
5035.290,60.019
5037.292,60.040
5039.294,60.061
5041.296,60.082
5043.298,60.103
5045.300,60.123
5047.302,60.143
5049.304,60.162
5051.306,60.180
5053.308,60.197
5055.310,60.212
5057.312,60.226
5059.313,60.238
5061.315,60.249
5063.317,60.257
5065.319,60.264
5067.321,60.268
5069.323,60.270
5071.325,60.271
5073.327,60.269
5075.329,60.266
5077.331,60.261
5079.333,60.255
5081.335,60.248
5083.337,60.240
5085.339,60.230
5087.341,60.220
5089.343,60.209
5091.345,60.197
5093.347,60.184
5095.349,60.171
5097.351,60.157
5099.353,60.142
5101.354,60.127
5103.356,60.112
5105.358,60.096
5107.360,60.079
5109.362,60.063
5111.364,60.046
5113.366,60.029
5115.368,60.012
5117.370,59.995
5119.372,59.978
5121.374,59.961
5123.376,59.945
5125.378,59.929
5127.380,59.914
5129.382,59.899
5131.384,59.886
5133.386,59.873
5135.388,59.862
5137.390,59.851
5139.392,59.842
5141.394,59.834
5143.396,59.828
5145.397,59.823
5147.399,59.820
5149.401,59.819
5151.403,59.819
5153.405,59.821
5155.407,59.824
5157.409,59.830
5159.411,59.837
5161.413,59.845
5163.415,59.856
5165.417,59.867
5167.419,59.881
5169.421,59.895
5171.423,59.911
5173.425,59.928
5175.427,59.947
5177.429,59.966
5179.431,59.985
5181.433,60.006
5183.435,60.027
5185.437,60.048
5187.438,60.069
5189.440,60.090
5191.442,60.110
5193.444,60.131
5195.446,60.150
5197.448,60.169
5199.450,60.186
5201.452,60.202
5203.454,60.217
5205.456,60.231
5207.458,60.242
5209.460,60.252
5211.462,60.260
5213.464,60.265
5215.466,60.269
5217.468,60.271
5219.470,60.270
5221.472,60.268
5223.474,60.264
5225.476,60.259
5227.478,60.253
5229.479,60.245
5231.481,60.236
5233.483,60.226
5235.485,60.216
5237.487,60.204
5239.489,60.192
5241.491,60.179
5243.493,60.165
5245.495,60.151
5247.497,60.137
5249.499,60.121
5251.501,60.106
5253.503,60.090
5255.505,60.073
5257.507,60.056
5259.509,60.039
5261.511,60.022
5263.513,60.005
5265.515,59.988
5267.517,59.971
5269.519,59.955
5271.521,59.939
5273.522,59.923
5275.524,59.908
5277.526,59.894
5279.528,59.881
5281.530,59.869
5283.532,59.857
5285.534,59.848
5287.536,59.839
5289.538,59.832
5291.540,59.826
5293.542,59.822
5295.544,59.819
5297.546,59.818
5299.548,59.819
5301.550,59.822
5303.552,59.826
5305.554,59.832
5307.556,59.840
5309.558,59.849
5311.560,59.860
5313.562,59.872
5315.563,59.886
5317.565,59.901
5319.567,59.918
5321.569,59.935
5323.571,59.954
5325.573,59.973
5327.575,59.993
5329.577,60.014
5331.579,60.035
5333.581,60.056
5335.583,60.077
5337.585,60.098
5339.587,60.118
5341.589,60.138
5343.591,60.157
5345.593,60.175
5347.595,60.193
5349.597,60.208
5351.599,60.223
5353.601,60.235
5355.603,60.246
5357.604,60.255
5359.606,60.262
5361.608,60.267
5363.610,60.270
5365.612,60.271
5367.614,60.270
5369.616,60.267
5371.618,60.263
5373.620,60.257
5375.622,60.250
5377.624,60.242
5379.626,60.233
5381.628,60.223
5383.630,60.212
5385.632,60.200
5387.634,60.187
5389.636,60.174
5391.638,60.160
5393.640,60.146
5395.642,60.131
5397.644,60.116
5399.646,60.100
5401.647,60.083
5403.649,60.067
5405.651,60.050
5407.653,60.033
5409.655,60.016
5411.657,59.999
5413.659,59.982
5415.661,59.965
5417.663,59.949
5419.665,59.933
5421.667,59.918
5423.669,59.903
5425.671,59.889
5427.673,59.876
5429.675,59.864
5431.677,59.854
5433.679,59.844
5435.681,59.836
5437.683,59.830
5439.685,59.824
5441.687,59.821
5443.688,59.819
5445.690,59.819
5447.692,59.820
5449.694,59.823
5451.696,59.828
5453.698,59.835
5455.700,59.843
5457.702,59.853
5459.704,59.864
5461.706,59.877
5463.708,59.891
5465.710,59.907
5467.712,59.924
5469.714,59.942
5471.716,59.961
5473.718,59.980
5475.720,60.001
5477.722,60.021
5479.724,60.042
5481.726,60.063
5483.728,60.084
5485.729,60.105
5487.731,60.126
5489.733,60.145
5491.735,60.164
5493.737,60.182
5495.739,60.198
5497.741,60.214
5499.743,60.227
5501.745,60.240
5503.747,60.250
5505.749,60.258
5507.751,60.264
5509.753,60.268
5511.755,60.270
5513.757,60.271
5515.759,60.269
5517.761,60.265
5519.763,60.261
5521.765,60.255
5523.767,60.247
5525.769,60.239
5527.771,60.229
5529.772,60.219
5531.774,60.207
5533.776,60.195
5535.778,60.182
5537.780,60.169
5539.782,60.155
5541.784,60.140
5543.786,60.125
5545.788,60.110
5547.790,60.094
5549.792,60.077
5551.794,60.061
5553.796,60.044
5555.798,60.027
5557.800,60.009
5559.802,59.992
5561.804,59.976
5563.806,59.959
5565.808,59.943
5567.810,59.927
5569.812,59.912
5571.813,59.898
5573.815,59.884
5575.817,59.872
5577.819,59.860
5579.821,59.850
5581.823,59.841
5583.825,59.833
5585.827,59.827
5587.829,59.823
5589.831,59.820
5591.833,59.819
5593.835,59.819
5595.837,59.821
5597.839,59.825
5599.841,59.830
5601.843,59.838
5603.845,59.846
5605.847,59.857
5607.849,59.869
5609.851,59.882
5611.853,59.897
5613.854,59.913
5615.856,59.931
5617.858,59.949
5619.860,59.968
5621.862,59.988
5623.864,60.008
5625.866,60.029
5627.868,60.050
5629.870,60.071
5631.872,60.092
5633.874,60.113
5635.876,60.133
5637.878,60.153
5639.880,60.171
5641.882,60.188
5643.884,60.205
5645.886,60.219
5647.888,60.232
5649.890,60.244
5651.892,60.253
5653.894,60.261
5655.896,60.266
5657.897,60.270
5659.899,60.271
5661.901,60.270
5663.903,60.268
5665.905,60.264
5667.907,60.259
5669.909,60.252
5671.911,60.244
5673.913,60.235
5675.915,60.225
5677.917,60.215
5679.919,60.203
5681.921,60.191
5683.923,60.178
5685.925,60.164
5687.927,60.150
5689.929,60.135
5691.931,60.120
5693.933,60.104
5695.935,60.088
5697.937,60.071
5699.938,60.054
5701.940,60.037
5703.942,60.020
5705.944,60.003
5707.946,59.986
5709.948,59.969
5711.950,59.953
5713.952,59.937
5715.954,59.921
5717.956,59.907
5719.958,59.893
5721.960,59.879
5723.962,59.867
5725.964,59.856
5727.966,59.847
5729.968,59.838
5731.970,59.831
5733.972,59.826
5735.974,59.822
5737.976,59.819
5739.978,59.819
5741.979,59.820
5743.981,59.822
5745.983,59.827
5747.985,59.833
5749.987,59.841
5751.989,59.850
5753.991,59.861
5755.993,59.874
5757.995,59.888
5759.997,59.903
5761.999,59.920
5764.001,59.937
5766.003,59.956
5768.005,59.975
5770.007,59.995
5772.009,60.016
5774.011,60.037
5776.013,60.058
5778.015,60.079
5780.017,60.100
5782.019,60.120
5784.021,60.140
5786.022,60.159
5788.024,60.177
5790.026,60.194
5792.028,60.210
5794.030,60.224
5796.032,60.237
5798.034,60.247
5800.036,60.256
5802.038,60.263
5804.040,60.267
5806.042,60.270
5808.044,60.271
5810.046,60.269
5812.048,60.267
5814.050,60.262
5816.052,60.256
5818.054,60.249
5820.056,60.241
5822.058,60.232
5824.060,60.221
5826.062,60.210
5828.063,60.198
5830.065,60.186
5832.067,60.172
5834.069,60.159
5836.071,60.144
5838.073,60.129
5840.075,60.114
5842.077,60.098
5844.079,60.081
5846.081,60.065
5848.083,60.048
5850.085,60.031
5852.087,60.014
5854.089,59.997
5856.091,59.980
5858.093,59.963
5860.095,59.947
5862.097,59.931
5864.099,59.916
5866.101,59.901
5868.103,59.888
5870.104,59.875
5872.106,59.863
5874.108,59.852
5876.110,59.843
5878.112,59.835
5880.114,59.829
5882.116,59.824
5884.118,59.821
5886.120,59.819
5888.122,59.819
5890.124,59.820
5892.126,59.824
5894.128,59.829
5896.130,59.836
5898.132,59.844
5900.134,59.854
5902.136,59.866
5904.138,59.879
5906.140,59.893
5908.142,59.909
5910.144,59.926
5912.146,59.944
5914.147,59.963
5916.149,59.983
5918.151,60.003
5920.153,60.024
5922.155,60.045
5924.157,60.066
5926.159,60.087
5928.161,60.108
5930.163,60.128
5932.165,60.148
5934.167,60.166
5936.169,60.184
5938.171,60.200
5940.173,60.216
5942.175,60.229
5944.177,60.241
5946.179,60.251
5948.181,60.259
5950.183,60.265
5952.185,60.269
5954.187,60.270
5956.188,60.270
5958.190,60.268
5960.192,60.265
5962.194,60.260
5964.196,60.254
5966.198,60.246
5968.200,60.237
5970.202,60.228
5972.204,60.217
5974.206,60.206
5976.208,60.194
5978.210,60.181
5980.212,60.167
5982.214,60.153
5984.216,60.138
5986.218,60.123
5988.220,60.108
5990.222,60.092
5992.224,60.075
5994.226,60.058
5996.228,60.041
5998.229,60.024
6000.231,60.007
6002.233,59.990
6004.235,59.973
6006.237,59.957
6008.239,59.941
6010.241,59.925
6012.243,59.910
6014.245,59.896
6016.247,59.882
6018.249,59.870
6020.251,59.859
6022.253,59.849
6024.255,59.840
6026.257,59.833
6028.259,59.827
6030.261,59.822
6032.263,59.820
6034.265,59.819
6036.267,59.819
6038.269,59.821
6040.271,59.825
6042.272,59.831
6044.274,59.839
6046.276,59.848
6048.278,59.858
6050.280,59.871
6052.282,59.884
6054.284,59.899
6056.286,59.915
6058.288,59.933
6060.290,59.951
6062.292,59.971
6064.294,59.990
6066.296,60.011
6068.298,60.032
6070.300,60.053
6072.302,60.074
6074.304,60.095
6076.306,60.116
6078.308,60.136
6080.310,60.155
6082.312,60.173
6084.313,60.190
6086.315,60.206
6088.317,60.221
6090.319,60.234
6092.321,60.245
6094.323,60.254
6096.325,60.261
6098.327,60.267
6100.329,60.270
6102.331,60.271
6104.333,60.270
6106.335,60.267
6108.337,60.263
6110.339,60.258
6112.341,60.251
6114.343,60.243
6116.345,60.234
6118.347,60.224
6120.349,60.213
6122.351,60.201
6124.353,60.189
6126.354,60.176
6128.356,60.162
6130.358,60.148
6132.360,60.133
6134.362,60.117
6136.364,60.102
6138.366,60.085
6140.368,60.069
6142.370,60.052
6144.372,60.035
6146.374,60.018
6148.376,60.001
6150.378,59.984
6152.380,59.967
6154.382,59.951
6156.384,59.935
6158.386,59.919
6160.388,59.905
6162.390,59.891
6164.392,59.878
6166.394,59.866
6168.396,59.855
6170.397,59.845
6172.399,59.837
6174.401,59.830
6176.403,59.825
6178.405,59.821
6180.407,59.819
6182.409,59.819
6184.411,59.820
6186.413,59.823
6188.415,59.827
6190.417,59.834
6192.419,59.842
6194.421,59.851
6196.423,59.863
6198.425,59.875
6200.427,59.890
6202.429,59.905
6204.431,59.922
6206.433,59.940
6208.435,59.958
6210.437,59.978
6212.438,59.998
6214.440,60.019
6216.442,60.040
6218.444,60.061
6220.446,60.082
6222.448,60.103
6224.450,60.123
6226.452,60.143
6228.454,60.162
6230.456,60.180
6232.458,60.197
6234.460,60.212
6236.462,60.226
6238.464,60.238
6240.466,60.249
6242.468,60.257
6244.470,60.264
6246.472,60.268
6248.474,60.270
6250.476,60.271
6252.478,60.269
6254.479,60.266
6256.481,60.261
6258.483,60.255
6260.485,60.248
6262.487,60.240
6264.489,60.230
6266.491,60.220
6268.493,60.209
6270.495,60.197
6272.497,60.184
6274.499,60.171
6276.501,60.157
6278.503,60.142
6280.505,60.127
6282.507,60.112
6284.509,60.096
6286.511,60.079
6288.513,60.063
6290.515,60.046
6292.517,60.029
6294.519,60.012
6296.521,59.995
6298.522,59.978
6300.524,59.961
6302.526,59.945
6304.528,59.929
6306.530,59.914
6308.532,59.899
6310.534,59.886
6312.536,59.873
6314.538,59.862
6316.540,59.851
6318.542,59.842
6320.544,59.834
6322.546,59.828
6324.548,59.823
6326.550,59.820
6328.552,59.819
6330.554,59.819
6332.556,59.821
6334.558,59.824
6336.560,59.830
6338.562,59.837
6340.563,59.845
6342.565,59.855
6344.567,59.867
6346.569,59.881
6348.571,59.895
6350.573,59.911
6352.575,59.928
6354.577,59.947
6356.579,59.966
6358.581,59.985
6360.583,60.006
6362.585,60.027
6364.587,60.048
6366.589,60.069
6368.591,60.090
6370.593,60.110
6372.595,60.131
6374.597,60.150
6376.599,60.169
6378.601,60.186
6380.603,60.203
6382.604,60.217
6384.606,60.231
6386.608,60.242
6388.610,60.252
6390.612,60.260
6392.614,60.266
6394.616,60.269
6396.618,60.271
6398.620,60.270
6400.622,60.268
6402.624,60.265
6404.626,60.259
6406.628,60.253
6408.630,60.245
6410.632,60.236
6412.634,60.227
6414.636,60.216
6416.638,60.204
6418.640,60.192
6420.642,60.179
6422.644,60.166
6424.646,60.151
6426.647,60.137
6428.649,60.121
6430.651,60.106
